ID,Department,Sex,AgeM,Fever,DiaMaxNo_24hrs,DiaDurInDays,DegreeDehy,OutComeDisc
1,OPD,1,6,No,7,2,some,
2,OPD,2,8,No,5,1,some,
3,IPD,1,12,No,10,3,some,Improved
4,IPD,1,2,Yes,9,1,some,Improved
5,IPD,1,12,Yes,8,2,some,Improved
6,OPD,2,12,No,7,5,some,
7,IPD,2,10,No,12,2,some,Improved
8,IPD,1,21,No,8,2,some,Improved
9,IPD,2,6,No,8,2,some,Improved
10,IPD,1,37,No,10,2,some,Improved
11,IPD,2,12,No,7,2,some,Improved
12,IPD,2,3,No,9,2,some,Improved
13,OPD,2,23,No,3,2,some,
14,IPD,1,7,No,11,2,some,Improved
15,IPD,1,6,No,10,1,some,Improved
16,OPD,2,4,Yes,6,1,some,
17,OPD,1,5,Yes,12,3,some,
18,IPD,1,8,No,10,2,some,Improved
19,IPD,1,10,No,10,2,some,Improved
20,IPD,1,6,No,15,2,Severe,Improved
21,IPD,1,3,No,10,2,some,Improved
22,IPD,2,8,No,8,2,some,Improved
23,IPD,2,2,No,12,1,some,Improved
24,IPD,1,4,No,12,2,some,Improved
25,IPD,2,12,Yes,9,3,some,Improved
26,IPD,2,1,Yes,12,2,some,Improved
27,IPD,1,12,Yes,8,2,some,Improved
28,OPD,1,8,No,10,2,some,
29,OPD,2,4,No,7,1,some,
30,IPD,2,2,No,8,2,some,Improved
31,OPD,2,13,No,9,2,some,
32,OPD,2,15,No,7,1,some,
33,IPD,1,1,Yes,11,2,some,Improved
34,IPD,2,23,Yes,9,3,some,Improved
35,OPD,2,22,No,8,2,some,
36,IPD,1,32,No,9,3,some,Improved
37,IPD,2,8,No,10,3,Severe,Improved
38,IPD,1,8,No,18,2,Severe,Improved
39,IPD,2,7,No,12,2,Severe,Improved
40,OPD,1,8,Yes,6,2,some,
41,OPD,1,9,Yes,5,2,some,
42,OPD,2,7,Yes,9,3,some,
43,OPD,2,10,No,12,1,some,
44,IPD,2,6,Yes,12,1,some,Improved
45,IPD,2,1,Yes,8,1,some,Improved
46,IPD,2,1,Yes,11,2,some,Improved
47,OPD,2,5,No,7,1,some,
48,OPD,2,4,No,8,1,some,
49,IPD,2,24,No,6,1,some,Improved
50,IPD,2,2,No,10,2,some,Improved
51,IPD,1,48,No,6,1,some,Improved
52,OPD,1,16,No,8,1,some,
53,IPD,1,1,No,10,2,some,Improved
54,IPD,2,9,No,9,1,some,Improved
55,IPD,1,24,No,12,3,some,Improved
56,IPD,2,9,No,11,1,some,Improved
57,IPD,1,1,No,14,1,Severe,Improved
58,IPD,1,12,No,10,2,some,Improved
59,IPD,2,12,No,10,2,some,Improved
60,IPD,2,8,No,12,1,some,Improved
61,IPD,2,7,No,8,1,some,Improved
62,OPD,2,21,No,5,1,some,
63,OPD,2,4,No,14,2,some,
64,IPD,2,6,No,10,1,some,Improved
65,IPD,2,48,No,7,1,some,Improved
66,IPD,1,7,No,10,2,some,Improved
67,OPD,1,6,No,12,1,some,
68,IPD,1,1,No,14,1,Severe,Improved
69,IPD,1,1,No,9,1,some,Improved
70,IPD,2,12,No,12,2,some,Improved
71,IPD,2,6,No,8,1,some,Improved
72,IPD,2,12,No,8,2,some,Improved
73,IPD,1,2,No,11,2,some,Improved
74,IPD,2,12,Yes,10,2,some,Improved
75,IPD,2,15,No,11,1,Severe,Improved
76,IPD,2,27,No,12,2,some,Improved
77,OPD,1,7,No,10,1,some,
78,IPD,2,21,Yes,8,2,some,Improved
79,IPD,2,12,Yes,12,2,some,Improved
80,IPD,1,2,No,12,2,severe,Improved
81,OPD,2,9,No,8,1,some,
82,IPD,2,7,No,11,2,Severe,Improved
83,IPD,2,8,No,12,2,some,Improved
84,IPD,2,9,No,9,2,some,Improved
85,OPD,2,8,No,5,1,some,
86,IPD,2,14,No,8,2,some,Improved
87,IPD,1,4,No,12,1,some,Improved
88,IPD,2,5,No,9,2,some,Improved
89,OPD,2,10,Yes,7,1,some,
90,OPD,2,11,Yes,12,1,some,
91,OPD,1,2,No,5,1,some,
92,IPD,2,4,No,10,1,some,Improved
93,IPD,2,6,Yes,12,2,Severe,Improved
94,IPD,2,12,Yes,10,1,some,Improved
95,IPD,2,24,No,9,2,some,Improved
96,IPD,1,1,No,11,1,some,Improved
97,IPD,2,49,No,8,1,some,Improved
98,OPD,1,5,No,6,1,some,
99,IPD,2,6,No,12,2,some,Improved
100,IPD,2,12,No,12,2,some,Improved
101,IPD,1,24,No,8,1,some,Improved
102,IPD,2,4,No,9,1,some,Improved
103,IPD,2,3,No,12,1,some,Improved
104,IPD,2,3,No,12,1,Severe,Improved
105,OPD,2,6,No,8,1,some,
106,OPD,2,8,No,10,1,some,
107,IPD,2,24,No,4,1,some,Improved
108,IPD,1,48,No,10,1,some,Improved
109,IPD,1,2,No,12,1,some,Improved
110,OPD,2,5,No,9,3,some,
111,IPD,2,15,No,7,1,some,Improved
112,IPD,2,4,No,7,1,some,Improved
113,IPD,2,24,No,9,1,some,Improved
114,OPD,2,6,No,4,2,some,
115,IPD,2,15,No,15,2,some,Improved
116,IPD,2,3,No,12,1,some,Improved
117,IPD,1,6,No,5,1,some,Improved
118,IPD,2,1,Yes,15,1,Severe,Improved
119,IPD,2,8,Yes,10,2,some,Improved
120,IPD,2,12,Yes,8,2,some,Improved
121,IPD,2,3,No,7,1,some,Improved
122,IPD,2,6,No,10,2,some,Improved
123,IPD,2,1,No,14,1,Severe,Improved
124,IPD,1,12,No,12,1,some,Improved
125,IPD,2,9,No,9,2,some,Improved
126,IPD,2,8,No,14,1,some,Improved
127,IPD,2,11,Yes,8,1,some,Improved
128,IPD,2,1,Yes,14,1,Severe,Improved
129,IPD,2,14,No,8,2,some,Improved
130,IPD,2,6,No,12,2,some,Improved
131,IPD,2,8,Yes,8,1,some,Improved
132,IPD,2,12,Yes,12,2,some,Improved
133,IPD,2,10,Yes,10,1,some,Improved
134,OPD,2,8,No,8,4,some,
135,OPD,1,9,No,9,3,some,
136,IPD,2,9,Yes,11,3,Severe,Improved
137,IPD,2,12,Yes,12,2,some,Improved
138,IPD,2,10,Yes,8,2,some,Improved
139,OPD,2,10,Yes,12,3,some,
140,IPD,1,11,Yes,8,1,some,Improved
141,IPD,2,8,Yes,12,3,Severe,Improved
142,IPD,2,36,No,6,1,some,Improved
143,OPD,2,32,Yes,8,2,some,
144,IPD,2,7,No,15,2,some,Improved
145,IPD,2,19,No,10,3,some,Improved
146,IPD,1,7,No,12,3,some,Improved
147,OPD,1,5,Yes,5,1,some,
148,IPD,2,6,No,12,2,some,Improved
149,IPD,1,11,No,8,3,some,Improved
150,OPD,1,7,No,7,1,some,
151,OPD,2,8,No,4,1,some,
152,IPD,2,1,No,10,2,some,Improved
153,IPD,2,6,No,10,2,Severe,Improved
154,OPD,2,10,No,8,2,some,
155,OPD,2,14,No,7,2,some,
156,OPD,2,19,No,13,2,some,
157,IPD,2,12,No,12,3,some,Improved
158,IPD,1,13,No,12,4,some,Improved
159,IPD,2,24,No,8,1,Severe,Improved
160,OPD,2,28,Yes,11,2,some,
161,OPD,1,4,No,7,1,some,
162,IPD,1,24,No,8,4,Severe,Improved
163,IPD,1,3,No,12,2,some,Improved
164,OPD,2,7,Yes,6,2,some,
165,IPD,2,7,No,12,4,Severe,Improved
166,IPD,2,8,No,9,2,some,Improved
167,IPD,2,9,No,16,2,Severe,Improved
168,IPD,1,9,No,10,3,some,Improved
169,IPD,2,15,No,18,4,Severe,Improved
170,OPD,1,8,No,9,1,some,
171,IPD,2,15,No,15,4,some,Improved
172,IPD,2,24,No,12,1,some,Improved
173,IPD,1,59,Yes,18,1,some,Improved
174,IPD,2,9,No,8,4,some,Improved
175,IPD,2,3,No,15,2,some,Improved
176,OPD,2,9,No,11,2,some,
177,IPD,2,12,No,6,1,some,Improved
178,OPD,2,6,No,8,2,some,
179,OPD,2,8,No,9,3,some,
180,IPD,2,5,No,8,1,some,Improved
181,IPD,1,7,No,10,1,some,Improved
182,OPD,2,19,No,11,1,some,
183,OPD,2,12,No,13,2,some,
184,IPD,1,16,No,8,2,some,Improved
185,IPD,1,12,No,12,1,some,Improved
186,IPD,2,14,No,10,2,some,Improved
187,OPD,2,13,No,8,2,some,
188,IPD,1,3,No,8,1,some,Improved
189,IPD,2,9,No,15,1,Severe,Improved
190,IPD,2,6,No,14,1,Severe,Improved
191,IPD,2,2,No,15,3,Severe,Improved
192,IPD,2,5,Yes,10,2,some,Improved
193,OPD,2,4,No,12,1,some,
194,IPD,2,6,Yes,10,4,some,Improved
195,IPD,1,12,No,12,1,some,Improved
196,IPD,2,9,No,10,1,some,Improved
197,IPD,2,6,No,7,,some,Improved
198,IPD,2,7,No,17,3,Severe,Improved
199,OPD,2,6,No,6,1,some,
200,IPD,1,6,No,10,2,some,Improved
201,IPD,2,8,No,15,1,some,Improved
202,IPD,1,15,No,12,4,some,Improved
203,IPD,1,12,No,10,2,some,Improved
204,IPD,2,8,Yes,16,1,Severe,Improved
205,IPD,1,18,Yes,8,1,some,Improved
206,IPD,2,9,No,22,2,Severe,Improved
207,IPD,2,5,No,18,3,some,Improved
208,OPD,2,8,No,9,1,some,
209,OPD,2,9,No,5,2,some,
210,IPD,2,7,No,15,5,some,Improved
211,IPD,2,8,No,9,1,some,Improved
212,IPD,2,48,No,26,1,some,Improved
213,IPD,2,4,No,12,1,some,Improved
214,IPD,2,1,No,8,1,some,Improved
215,IPD,2,36,No,3,1,some,Improved
216,IPD,2,1,Yes,12,1,some,Improved
217,IPD,2,7,Yes,10,3,some,Improved
218,OPD,2,7,No,7,1,some,
219,OPD,1,9,No,11,1,some,
220,IPD,1,12,No,18,2,some,Improved
221,IPD,2,3,No,18,4,some,Improved
222,IPD,2,24,No,6,3,some,Improved
223,IPD,1,4,Yes,8,1,some,Improved
224,IPD,1,6,Yes,10,2,some,Improved
225,IPD,1,24,No,4,3,some,Improved
226,OPD,1,10,No,12,2,some,
227,IPD,2,7,No,7,1,some,Improved
228,IPD,2,1,No,12,1,some,Improved
229,IPD,2,3,No,16,1,some,Improved
230,IPD,2,48,No,6,2,some,Improved
231,IPD,2,12,No,10,2,some,Improved
232,IPD,2,1,No,12,1,some,Improved
233,IPD,1,24,No,10,3,some,Improved
234,IPD,1,1,No,9,1,some,Improved
235,IPD,2,10,No,10,1,some,Improved
236,IPD,2,9,Yes,7,9,some,Improved
237,IPD,2,4,No,12,4,some,Improved
238,IPD,2,5,Yes,15,1,some,Improved
239,OPD,2,14,No,9,1,some,
240,OPD,2,16,No,14,2,some,
241,IPD,2,1,No,14,1,some,Improved
242,IPD,2,3,No,11,2,some,Improved
243,IPD,2,10,No,7,3,some,Improved
244,OPD,1,4,No,15,1,some,
245,OPD,2,3,No,9,1,some,
246,IPD,1,2,No,9,2,some,Improved
247,IPD,1,12,No,10,2,some,Improved
248,IPD,1,1,No,12,1,some,Improved
249,OPD,2,7,No,10,1,some,
250,IPD,1,1,No,8,1,some,Improved
251,IPD,1,3,No,8,6,some,Improved
252,IPD,2,11,No,26,1,some,Improved
253,IPD,2,48,No,22,1,some,Improved
254,IPD,2,36,No,18,1,some,Improved
255,IPD,2,1,No,8,1,some,Improved
256,IPD,2,10,Yes,8,2,some,Improved
257,IPD,1,1,Yes,14,1,some,Improved
258,IPD,2,7,No,6,3,some,Improved
259,OPD,2,8,Yes,4,1,some,
260,IPD,2,10,No,7,3,some,Improved
261,IPD,2,7,No,5,2,some,Improved
262,IPD,1,19,No,5,5,some,Improved
263,IPD,1,24,No,14,1,some,Improved
264,IPD,2,5,No,12,5,some,Improved
265,IPD,1,6,Yes,6,1,some,Improved
266,OPD,2,9,Yes,8,2,some,
267,OPD,2,5,No,12,2,some,
268,IPD,1,18,Yes,18,7,some,Improved
269,IPD,2,15,Yes,5,4,some,Improved
270,IPD,1,11,No,12,1,some,Improved
271,OPD,1,6,No,9,2,some,
272,IPD,1,16,No,10,1,some,Improved
273,IPD,2,20,Yes,4,2,some,Improved
274,IPD,2,9,No,15,13,Severe,Improved
275,IPD,1,4,No,10,3,some,Improved
276,IPD,1,6,No,18,2,Severe,Improved
277,IPD,2,12,No,12,1,some,Improved
278,IPD,1,48,No,8,22,some,Improved
279,IPD,1,1,No,14,1,some,Improved
280,IPD,2,8,No,8,2,some,Improved
281,IPD,2,24,No,6,2,some,Improved
282,OPD,1,6,No,11,2,some,
283,IPD,2,18,No,7,3,some,Improved
284,IPD,2,8,No,5,2,some,Improved
285,IPD,1,3,No,12,1,some,Improved
286,OPD,1,8,No,10,2,some,
287,OPD,2,10,No,5,1,some,
288,IPD,2,7,No,12,1,some,Improved
289,IPD,2,48,No,15,1,some,Improved
290,IPD,1,1,No,10,1,some,Improved
291,IPD,2,24,No,8,5,some,Improved
292,IPD,2,1,No,12,1,some,Improved
293,IPD,2,24,No,7,2,some,Improved
294,OPD,2,3,Yes,6,1,some,
295,OPD,2,11,No,8,1,some,
296,IPD,1,5,No,12,1,some,Improved
297,IPD,1,4,No,8,,some,Improved
298,IPD,2,11,No,8,2,some,Improved
299,IPD,2,17,No,8,3,some,Improved
300,OPD,2,5,Yes,5,2,some,
301,IPD,1,1,No,12,2,some,Improved
302,IPD,1,2,No,13,2,some,Improved
303,IPD,2,36,No,11,2,some,Improved
304,IPD,2,7,No,9,2,some,Improved
305,IPD,2,10,No,11,3,some,Improved
306,OPD,1,18,No,8,2,some,
307,OPD,1,31,No,5,1,some,
308,IPD,2,11,No,9,2,some,Improved
309,IPD,2,7,No,12,3,Severe,Improved
310,IPD,1,25,Yes,9,7,some,Improved
311,OPD,2,4,No,9,1,some,
312,IPD,1,28,No,8,4,some,Improved
313,IPD,1,12,No,7,3,some,Improved
314,IPD,2,10,Yes,8,2,some,Improved
315,IPD,1,12,Yes,10,2,some,Improved
316,IPD,2,1,No,8,1,some,Improved
317,IPD,2,5,Yes,8,3,some,Improved
318,OPD,2,6,Yes,3,1,some,
319,OPD,2,9,No,7,2,some,
320,IPD,2,56,Yes,16,3,some,Improved
321,IPD,2,10,Yes,11,2,some,Improved
322,IPD,2,1,Yes,8,1,some,Improved
323,OPD,2,6,No,8,3,some,
324,IPD,1,8,Yes,9,3,some,Improved
325,IPD,2,6,Yes,12,1,some,Improved
326,IPD,2,5,Yes,8,3,some,Improved
327,OPD,2,7,No,7,2,some,
328,OPD,2,4,No,6,1,some,
329,IPD,2,3,Yes,7,3,some,Improved
330,IPD,1,14,Yes,10,2,some,Improved
331,IPD,2,7,Yes,20,5,Severe,Improved
332,OPD,2,7,No,9,1,some,
333,IPD,2,7,Yes,5,5,some,Improved
334,IPD,1,8,Yes,8,2,some,Improved
335,IPD,2,5,Yes,8,1,some,Improved
336,OPD,1,8,No,5,1,some,
337,IPD,2,8,Yes,12,1,some,Improved
338,IPD,2,15,No,7,5,some,Improved
339,IPD,2,9,No,6,5,some,Improved
340,IPD,2,2,No,5,3,some,Improved
341,IPD,2,18,Yes,4,6,some,Improved
342,IPD,2,11,Yes,6,3,some,Improved
343,IPD,2,1,Yes,11,1,some,Improved
344,IPD,2,2,Yes,8,1,some,Improved
345,IPD,2,24,Yes,7,3,some,Improved
346,OPD,1,9,Yes,4,1,some,
347,IPD,2,8,No,9,2,some,Improved
348,IPD,2,1,No,6,1,some,Improved
349,OPD,1,12,Yes,9,2,some,
350,OPD,1,4,No,10,3,some,
351,IPD,2,15,No,20,4,some,Improved
352,IPD,2,6,No,12,2,some,Improved
353,OPD,1,9,No,13,2,some,
354,IPD,1,12,No,10,2,some,Improved
355,IPD,1,9,No,12,1,some,Improved
356,IPD,1,12,No,6,2,some,Improved
357,OPD,2,7,No,10,2,some,
358,OPD,2,6,No,9,1,some,
359,IPD,2,12,No,8,1,some,Improved
360,IPD,2,3,No,12,1,some,Improved
361,OPD,2,8,No,8,1,some,
362,IPD,1,1,No,6,1,some,Improved
363,IPD,2,8,No,18,1,some,Improved
364,IPD,1,16,Yes,12,1,some,Improved
365,IPD,1,15,Yes,6,3,some,Improved
366,OPD,1,13,No,9,1,some,
367,IPD,2,42,No,20,2,some,Improved
368,IPD,2,18,No,18,1,some,Improved
369,IPD,1,2,No,8,2,some,Improved
370,OPD,1,16,Yes,11,1,some,
371,IPD,2,15,No,14,3,some,Improved
372,IPD,2,11,No,12,3,some,Improved
373,IPD,2,2,Yes,5,2,some,Improved
374,IPD,1,12,No,6,2,some,Improved
375,IPD,1,12,Yes,9,3,some,Improved
376,IPD,2,1,Yes,14,1,some,Improved
377,IPD,2,39,Yes,12,2,some,Improved
378,OPD,2,21,Yes,12,1,some,
379,OPD,2,4,Yes,8,1,some,
380,IPD,2,16,Yes,18,1,Severe,Improved
381,IPD,2,36,Yes,5,3,some,Improved
382,OPD,2,6,No,8,1,some,
383,IPD,2,1,Yes,8,1,some,Improved
384,IPD,2,10,Yes,9,2,some,Improved
385,IPD,1,4,Yes,6,1,some,Improved
386,IPD,2,2,No,12,2,some,Improved
387,IPD,1,12,No,6,2,some,Improved
388,IPD,2,1,No,14,1,some,Improved
389,IPD,1,24,No,7,1,some,Improved
390,IPD,1,12,No,8,2,some,Improved
391,IPD,1,8,No,10,1,some,Improved
392,OPD,2,7,No,9,1,some,
393,OPD,2,8,No,7,1,some,
394,IPD,2,11,No,5,3,some,Improved
395,IPD,1,11,Yes,6,2,some,Improved
396,IPD,2,9,No,8,1,some,Improved
397,OPD,2,9,No,12,1,some,
398,OPD,2,5,No,10,1,some,
399,IPD,2,15,Yes,6,2,some,Improved
400,IPD,2,6,No,8,1,some,Improved
401,OPD,2,9,No,8,1,some,
402,IPD,2,6,No,10,2,some,Improved
403,IPD,1,2,No,7,1,some,Improved
404,IPD,1,15,No,12,3,some,Improved
405,IPD,1,4,No,9,1,some,Improved
406,IPD,1,16,No,8,3,some,Improved
407,IPD,2,12,No,12,2,some,Improved
408,IPD,2,24,No,5,1,some,Improved
409,IPD,2,24,No,5,1,some,Improved
410,OPD,1,10,No,9,1,some,
411,IPD,1,3,No,10,2,some,Improved
412,OPD,1,13,No,8,1,some,
413,OPD,1,12,No,7,2,some,
414,OPD,2,11,No,6,2,some,
415,IPD,1,24,No,7,5,some,Improved
416,IPD,2,18,No,5,3,some,Improved
417,IPD,1,11,No,7,3,some,Improved
418,IPD,2,9,No,6,3,some,Improved
419,IPD,1,1,No,8,1,some,Improved
420,IPD,1,11,No,11,3,some,Improved
421,IPD,2,5,No,14,1,some,Improved
422,IPD,1,10,No,18,5,Severe,Improved
423,OPD,2,10,No,9,3,some,
424,OPD,2,3,No,11,1,some,
425,IPD,2,3,No,7,2,some,Improved
426,IPD,2,12,No,5,2,some,Improved
427,IPD,1,6,No,6,2,some,Improved
428,IPD,1,18,No,6,3,some,Improved
429,IPD,2,10,No,12,1,some,Improved
430,IPD,2,10,No,6,4,some,Improved
431,IPD,2,12,Yes,14,7,Severe,Improved
432,IPD,2,24,Yes,10,3,some,Improved
433,OPD,2,5,No,9,4,some,
434,IPD,2,22,Yes,8,5,some,Improved
435,IPD,1,2,Yes,12,2,some,Improved
436,IPD,2,36,No,6,4,some,Improved
437,OPD,1,7,Yes,12,1,some,
438,IPD,1,6,No,11,3,some,Improved
439,IPD,1,12,No,14,1,some,Improved
440,IPD,2,48,No,6,4,some,Improved
441,OPD,1,9,Yes,10,2,some,
442,IPD,2,6,No,12,1,some,Improved
443,IPD,1,10,No,6,1,some,Improved
444,IPD,2,8,No,8,2,some,Improved
445,OPD,2,4,No,11,1,some,
446,OPD,2,7,No,8,1,some,
447,IPD,1,1,No,12,1,some,Improved
448,IPD,1,1,No,7,3,some,Improved
449,OPD,2,8,No,9,1,some,
450,IPD,1,1,No,10,1,some,Improved
451,IPD,2,3,No,9,2,some,Improved
452,IPD,2,23,No,14,1,some,Improved
453,OPD,2,9,No,8,1,some,
454,OPD,2,5,No,8,1,some,
455,IPD,2,2,No,10,1,some,Improved
456,IPD,1,24,No,8,2,some,Improved
457,OPD,2,6,No,9,1,some,
458,IPD,2,6,No,10,1,some,Improved
459,IPD,2,2,No,6,5,Severe,Improved
460,IPD,2,7,No,9,2,some,Improved
461,IPD,1,12,Yes,6,2,some,Improved
462,IPD,1,2,Yes,8,1,some,Improved
463,IPD,2,12,No,10,3,some,Improved
464,IPD,2,1,Yes,10,2,some,Improved
465,IPD,2,5,Yes,12,1,some,Improved
466,IPD,2,12,No,6,3,some,Improved
467,IPD,2,8,No,9,2,some,Improved
468,IPD,2,10,No,8,1,some,Improved
469,OPD,1,7,No,7,1,some,
470,IPD,2,12,No,2,6,some,Improved
471,IPD,1,13,No,8,4,some,Improved
472,OPD,1,9,No,11,1,some,
473,IPD,1,4,No,7,3,some,Improved
474,IPD,2,9,No,10,4,some,Improved
475,IPD,1,1,No,6,2,some,Improved
476,IPD,1,12,Yes,8,1,some,Improved
477,IPD,1,2,Yes,10,2,some,Improved
478,IPD,2,17,No,12,7,Severe,Improved
479,IPD,2,4,No,6,3,some,Improved
480,OPD,2,10,No,9,1,some,
481,IPD,1,36,No,9,2,some,Improved
482,IPD,1,6,No,12,1,some,Improved
483,IPD,1,1,No,8,1,some,Improved
484,OPD,2,11,No,8,1,some,
485,IPD,2,5,No,5,2,some,Improved
486,IPD,1,12,No,9,3,some,Improved
487,IPD,2,23,Yes,10,2,some,Improved
488,OPD,2,3,No,5,1,some,
489,OPD,2,26,No,8,1,some,
490,IPD,2,11,Yes,12,1,some,Improved
491,IPD,2,1,Yes,8,1,some,Improved
492,OPD,2,15,No,9,1,some,
493,IPD,1,36,No,6,3,some,Improved
494,IPD,2,5,No,8,5,some,Improved
495,IPD,2,6,Yes,10,5,some,Improved
496,IPD,1,6,Yes,12,1,some,Improved
497,IPD,2,8,No,9,5,some,Improved
498,IPD,2,13,Yes,10,5,some,Improved
499,IPD,2,25,Yes,15,1,some,Improved
500,IPD,2,8,No,8,2,some,Improved
501,OPD,2,2,No,5,1,some,
502,IPD,2,5,No,11,1,some,Improved
503,IPD,1,19,No,7,3,some,Improved
504,OPD,2,16,No,11,1,some,
505,OPD,1,9,No,6,1,some,
506,IPD,2,11,No,12,5,Severe,Improved
507,IPD,1,6,No,8,1,some,Improved
508,IPD,2,36,No,6,3,some,Improved
509,OPD,1,3,Yes,9,2,some,
510,IPD,1,3,No,14,2,some,Improved
511,IPD,1,19,No,11,7,some,Improved
512,IPD,2,36,No,8,3,some,Improved
513,OPD,2,6,Yes,7,1,some,
514,OPD,2,5,Yes,8,2,some,
515,IPD,1,10,No,9,2,some,Improved
516,IPD,1,12,No,14,1,some,Improved
517,IPD,2,3,No,12,1,some,Improved
518,IPD,1,48,No,3,2,Severe,Improved
519,IPD,2,8,No,12,2,Severe,Improved
520,OPD,2,9,No,8,2,some,
521,IPD,1,4,No,14,2,Severe,Improved
522,IPD,2,6,Yes,5,1,some,Improved
523,IPD,1,9,Yes,5,1,some,Improved
524,IPD,2,2,No,12,2,some,Improved
525,IPD,1,9,No,7,2,some,Improved
526,OPD,2,10,Yes,7,1,some,
527,OPD,2,3,No,6,1,some,
528,OPD,1,6,No,11,1,some,
529,OPD,1,7,No,9,2,some,
530,OPD,1,3,No,8,4,some,
531,OPD,2,21,No,9,2,some,
532,OPD,2,6,No,11,2,some,
533,IPD,2,36,No,6,4,some,Improved
534,OPD,2,8,No,10,1,some,
535,IPD,1,12,No,9,2,some,Improved
536,IPD,1,11,No,6,2,some,Improved
537,OPD,2,5,Yes,6,1,some,
538,OPD,2,4,Yes,8,1,some,
539,IPD,2,12,No,5,2,some,Improved
540,IPD,1,2,No,5,1,some,Improved
541,IPD,2,11,No,15,2,Severe,Improved
542,IPD,2,11,No,15,3,Severe,Improved
543,IPD,2,7,No,7,2,some,Improved
544,OPD,2,12,No,8,1,some,
545,OPD,1,5,No,12,1,some,
546,IPD,2,45,Yes,5,2,some,Improved
547,IPD,2,1,Yes,6,1,some,Improved
548,IPD,2,6,Yes,8,2,some,Improved
549,IPD,1,12,No,7,2,some,Improved
550,IPD,2,11,No,8,3,some,Improved
551,IPD,1,12,No,6,2,some,Improved
552,IPD,2,9,No,7,1,some,Improved
553,OPD,2,6,No,9,1,some,
554,OPD,2,7,No,7,1,some,
555,IPD,2,13,No,8,1,some,Improved
556,IPD,2,17,No,12,1,some,Improved
557,IPD,2,8,No,5,2,some,Improved
558,IPD,1,24,No,12,2,some,Improved
559,IPD,2,12,No,6,3,some,Improved
560,OPD,2,2,No,12,1,some,
561,IPD,1,10,Yes,4,1,some,Improved
562,IPD,1,12,Yes,7,1,some,Improved
563,IPD,2,12,Yes,5,2,some,Improved
564,IPD,2,7,No,4,2,some,Improved
565,IPD,2,9,No,6,2,some,Improved
566,IPD,2,12,No,4,1,some,Improved
567,IPD,2,15,Yes,6,1,some,Improved
568,OPD,2,9,No,15,2,some,
569,OPD,1,10,No,7,2,some,
570,IPD,2,7,No,6,2,some,Improved
571,IPD,2,9,Yes,7,3,some,Improved
572,OPD,1,13,No,12,2,some,
573,OPD,1,12,No,10,1,some,
574,IPD,2,7,Yes,6,3,some,Improved
575,IPD,2,12,No,10,3,some,Improved
576,IPD,1,12,No,5,1,some,Improved
577,IPD,2,11,No,7,2,some,Improved
578,OPD,2,11,No,8,1,some,
579,IPD,2,17,No,7,2,some,Improved
580,IPD,2,6,No,5,3,some,Improved
581,IPD,2,6,No,4,1,some,Improved
582,IPD,2,24,Yes,6,3,some,Improved
583,IPD,2,4,Yes,4,1,some,Improved
584,IPD,1,12,Yes,4,2,some,Improved
585,IPD,1,14,No,7,3,some,Improved
586,OPD,2,9,No,5,1,some,
587,IPD,2,6,No,5,2,some,Improved
588,IPD,2,5,No,5,2,some,Improved
589,IPD,2,8,No,5,2,some,Improved
590,OPD,2,8,No,10,1,some,
591,IPD,2,10,Yes,5,2,some,Improved
592,IPD,2,2,Yes,4,1,some,Improved
593,OPD,2,12,No,8,1,some,
594,OPD,2,6,No,8,1,some,
595,OPD,2,8,No,9,1,some,
596,IPD,1,8,Yes,5,2,some,Improved
597,IPD,2,8,No,7,3,some,Improved
598,IPD,2,11,Yes,6,2,some,Improved
599,IPD,2,7,Yes,5,1,some,Improved
600,IPD,2,12,No,7,3,some,Improved
601,IPD,1,3,No,6,2,some,Improved
602,OPD,2,12,No,7,1,some,
603,IPD,1,6,No,20,2,Severe,Improved
604,IPD,2,8,No,12,3,some,Improved
605,OPD,2,5,No,8,2,some,
606,IPD,2,12,No,5,2,some,Improved
607,IPD,2,18,Yes,6,4,some,Improved
608,IPD,2,8,No,17,3,Severe,Improved
609,IPD,2,10,Yes,6,2,some,Improved
610,OPD,2,7,No,6,2,some,
611,IPD,1,7,No,8,2,some,Improved
612,OPD,1,8,No,8,1,some,
613,IPD,2,12,No,11,2,Severe,Improved
614,IPD,1,1,Yes,15,3,Severe,Improved
615,IPD,1,1,No,15,3,Severe,Improved
616,IPD,1,2,No,10,3,some,Improved
617,IPD,2,7,No,7,1,some,Improved
618,IPD,1,1,No,9,2,some,Improved
619,IPD,2,3,No,8,2,some,Improved
620,IPD,1,6,No,10,2,some,Improved
621,IPD,2,12,No,4,1,some,Improved
622,OPD,1,4,Yes,6,1,some,
623,OPD,1,7,Yes,9,2,some,
624,IPD,1,2,No,12,1,some,Improved
625,IPD,2,6,No,5,1,some,Improved
626,IPD,2,12,No,13,2,Severe,Improved
627,IPD,2,12,No,3,1,some,Improved
628,IPD,2,6,No,4,1,some,Improved
629,IPD,1,6,No,11,2,some,Improved
630,OPD,1,3,No,8,1,some,
631,IPD,1,10,No,5,1,some,Improved
632,IPD,2,2,Yes,12,2,Severe,Improved
633,IPD,2,12,Yes,8,1,some,Improved
634,IPD,2,7,Yes,13,2,Severe,Improved
635,IPD,2,16,Yes,15,2,Severe,Improved
636,OPD,2,8,No,10,1,some,
637,IPD,2,24,No,7,1,some,Improved
638,IPD,1,24,No,6,1,some,Improved
639,IPD,1,24,No,12,3,some,Improved
640,OPD,2,2,No,7,1,some,
641,IPD,2,6,Yes,12,3,Severe,Improved
642,IPD,2,24,Yes,8,1,some,Improved
643,OPD,2,10,No,6,1,some,
644,OPD,2,11,No,8,2,some,
645,IPD,2,24,No,10,2,some,Improved
646,IPD,2,7,No,13,2,Severe,Improved
647,IPD,2,7,Yes,15,2,Severe,Improved
648,IPD,1,12,No,8,2,some,Improved
649,OPD,2,3,No,7,4,some,
650,IPD,1,11,No,15,2,Severe,Improved
651,IPD,2,8,No,6,1,some,Improved
652,IPD,2,12,No,10,2,some,Improved
653,OPD,2,4,No,7,5,some,
654,IPD,1,1,No,9,2,some,Improved
655,OPD,2,7,No,9,2,some,
656,IPD,2,7,No,3,1,some,Improved
657,IPD,2,2,No,10,2,some,Improved
658,OPD,1,2,No,10,1,some,
659,OPD,2,9,No,8,1,some,
660,OPD,2,3,No,12,2,some,
661,IPD,2,12,No,8,2,some,Improved
662,IPD,2,7,No,5,1,some,Improved
663,IPD,1,9,No,6,1,some,Improved
664,IPD,1,13,No,15,2,some,Improved
665,IPD,1,5,No,10,3,some,Improved
666,IPD,2,4,No,11,2,some,Improved
667,IPD,2,8,No,9,2,some,Improved
668,IPD,2,1,No,5,1,some,Improved
669,IPD,2,13,No,6,1,some,Improved
670,IPD,2,48,No,12,3,Severe,Improved
671,IPD,2,12,No,9,2,some,Improved
672,OPD,2,15,No,8,1,some,
673,IPD,2,3,No,8,2,some,Improved
674,IPD,1,6,No,10,2,some,Improved
675,OPD,2,2,No,9,1,some,
676,IPD,2,16,No,3,1,some,Improved
677,IPD,2,6,No,11,2,some,Improved
678,IPD,2,8,No,9,2,some,Improved
679,IPD,1,48,No,8,3,some,Improved
680,IPD,2,10,No,9,2,some,Improved
681,OPD,2,15,No,6,1,some,
682,OPD,2,2,Yes,8,1,some,
683,IPD,2,24,No,6,2,some,Improved
684,IPD,2,2,No,7,2,some,Improved
685,IPD,2,7,No,10,2,some,Improved
686,IPD,1,48,No,12,3,some,Improved
687,OPD,2,12,Yes,8,1,some,
688,OPD,2,10,No,10,1,some,
689,IPD,2,24,No,5,2,some,Improved
690,OPD,2,14,No,8,1,some,
691,OPD,1,7,No,9,2,some,
692,IPD,2,12,No,7,2,some,Improved
693,OPD,1,21,No,8,3,some,
694,IPD,2,12,No,10,2,some,Improved
695,IPD,2,24,Yes,8,3,some,Improved
696,OPD,1,4,No,11,2,some,
697,IPD,2,14,Yes,15,2,Severe,Improved
698,IPD,2,12,Yes,9,3,some,Improved
699,IPD,2,12,No,10,3,some,Improved
700,IPD,1,24,Yes,6,3,some,Improved
701,IPD,1,12,No,6,2,some,Improved
702,IPD,1,20,No,4,11,some,Improved
703,IPD,1,12,No,8,2,some,Improved
704,IPD,2,4,No,6,1,some,Improved
705,IPD,1,11,No,6,2,some,Improved
706,IPD,1,48,No,10,3,some,Improved
707,IPD,2,8,Yes,8,1,some,Improved
708,IPD,2,24,No,13,2,Severe,Improved
709,OPD,2,8,No,10,2,some,
710,IPD,2,19,Yes,11,2,some,Improved
711,IPD,2,4,No,7,2,some,Improved
712,IPD,2,12,Yes,7,2,some,Improved
713,IPD,2,10,No,7,2,some,Improved
714,OPD,2,6,No,15,2,some,
715,OPD,2,9,No,7,2,some,
716,IPD,2,15,No,8,2,some,Improved
717,IPD,2,8,No,12,2,Severe,Improved
718,IPD,1,13,No,4,1,some,Improved
719,IPD,2,2,No,9,3,some,Improved
720,IPD,1,10,No,10,2,some,Improved
721,IPD,1,56,No,5,2,some,Improved
722,IPD,2,10,No,4,1,some,Improved
723,IPD,2,12,No,7,2,some,Improved
724,IPD,1,1,No,5,2,some,Improved
725,IPD,2,11,No,8,2,some,Improved
726,IPD,2,2,No,10,3,some,Improved
727,IPD,1,16,No,7,2,some,Improved
728,IPD,1,12,No,10,2,some,Improved
729,IPD,2,12,No,9,3,some,Improved
730,IPD,2,12,No,6,2,some,Improved
731,IPD,2,12,No,12,2,Severe,Improved
732,OPD,2,8,No,9,1,some,
733,IPD,2,2,No,6,1,some,Improved
734,IPD,2,1,No,8,2,some,Improved
735,IPD,2,1,Yes,6,2,some,Improved
736,OPD,2,7,No,6,1,some,
737,IPD,2,48,No,9,1,some,Improved
738,IPD,2,7,Yes,12,2,Severe,Improved
739,IPD,2,12,No,6,2,some,Improved
740,IPD,2,7,No,9,3,some,Improved
741,OPD,2,6,No,8,1,some,
742,IPD,1,5,No,7,2,some,Improved
743,IPD,2,12,Yes,5,1,some,Improved
744,IPD,2,3,No,10,2,some,Improved
745,IPD,2,1,No,6,3,some,Improved
746,IPD,2,6,No,8,2,some,Improved
747,IPD,2,3,No,11,2,Severe,Improved
748,IPD,2,10,No,8,2,some,Improved
749,OPD,2,9,No,9,1,some,
750,IPD,2,8,No,10,3,Severe,Improved
751,IPD,2,10,No,7,2,some,Improved
752,IPD,2,2,No,6,3,some,Improved
753,OPD,2,13,No,10,1,some,
754,OPD,2,18,Yes,8,1,some,
755,IPD,1,7,Yes,9,3,some,Improved
756,IPD,2,7,No,7,1,some,Improved
757,IPD,1,12,No,11,3,Severe,Improved
758,OPD,2,22,No,7,2,some,
759,OPD,1,3,No,9,2,some,
760,IPD,2,6,No,15,2,Severe,Improved
761,IPD,2,6,No,9,2,Severe,Improved
762,OPD,1,9,No,6,5,some,
763,OPD,2,8,No,8,3,some,
764,IPD,2,1,No,10,2,severe,Improved
765,IPD,2,9,No,10,2,Severe,Improved
766,OPD,2,4,No,10,1,some,
767,IPD,2,24,No,9,2,Some,Improved
768,IPD,2,12,Yes,5,1,Some,Improved
769,IPD,1,1,No,10,2,Some,Improved
770,IPD,2,3,No,8,1,Some,Improved
771,IPD,1,36,Yes,11,2,Some,Improved
772,IPD,1,5,No,5,1,Some,Improved
773,IPD,1,6,No,7,3,Some,Improved
774,IPD,2,12,No,7,5,Some,Improved
775,IPD,2,6,Yes,15,4,Some,Improved
776,IPD,2,6,No,8,3,Some,Improved
777,IPD,2,17,Yes,3,1,Some,Improved
778,IPD,1,1,Yes,15,2,Severe,Improved
779,IPD,2,6,No,9,2,Some,Improved
780,OPD,1,10,No,8,3,Some,Improved
781,IPD,1,8,No,7,2,Some,Improved
782,OPD,2,7,Yes,22,1,Severe,Improved
783,IPD,2,5,Yes,18,3,Severe,Improved
784,IPD,1,20,No,12,2,Severe,Improved
785,IPD,1,12,No,15,2,Severe,Improved
786,OPD,1,6,Yes,6,3,Some,Improved
787,OPD,2,1,No,5,2,Some,Improved
788,IPD,1,12,No,4,1,Some,Improved
789,IPD,2,9,No,10,3,Some,Improved
790,IPD,2,12,Yes,6,1,Some,Improved
791,IPD,2,15,No,10,2,Some,Improved
792,IPD,2,8,No,8,2,Some,Improved
793,OPD,2,12,No,5,2,Some,Improved
794,OPD,1,48,No,7,2,Some,Improved
795,IPD,1,48,Yes,9,3,Some,Improved
796,IPD,1,36,No,7,2,Some,Improved
797,IPD,1,36,No,7,2,Some,Improved
798,IPD,2,14,No,15,2,Severe,Improved
799,IPD,2,9,Yes,18,2,Some,Improved
800,IPD,1,1,No,6,1,Some,Improved
801,IPD,2,2,No,10,2,Some,Improved
802,IPD,2,2,No,10,2,Some,Improved
803,IPD,2,12,No,9,2,Some,Improved
804,OPD,2,10,No,15,5,Severe,Improved
805,IPD,1,7,No,12,3,Severe,Improved
806,IPD,2,6,No,10,2,Some,Improved
807,IPD,1,9,Yes,15,3,Severe,Improved
808,IPD,1,12,No,9,2,Some,Improved
809,IPD,2,15,No,11,2,Severe,Improved
810,IPD,1,15,Yes,12,4,Severe,Improved
811,IPD,2,7,No,10,2,Some,Improved
812,OPD,2,15,Yes,13,3,Severe,Improved
813,IPD,1,24,No,8,2,Some,Improved
814,IPD,1,10,No,9,2,Some,Improved
815,OPD,2,14,No,10,3,Some,Improved
816,OPD,2,19,Yes,7,2,Some,Improved
817,IPD,1,2,No,11,3,Some,Improved
818,IPD,2,5,No,6,2,Some,Improved
819,IPD,1,9,No,15,4,Some,Improved
820,IPD,2,9,No,15,2,Severe,Improved
821,IPD,2,12,Yes,8,1,Some,Improved
822,OPD,2,12,Yes,6,1,Some,Improved
823,OPD,1,10,Yes,10,1,Some,Improved
824,OPD,2,6,Yes,10,1,Some,Improved
825,IPD,1,6,No,8,1,Some,Improved
826,IPD,2,7,Yes,15,1,Severe,Improved
827,IPD,1,12,No,8,1,Some,Improved
828,IPD,2,24,Yes,12,3,Severe,Improved
829,IPD,2,7,Yes,7,2,Some,Improved
830,IPD,1,4,No,10,1,Some,Improved
831,IPD,2,12,No,24,1,Severe,Improved
832,IPD,2,24,No,27,3,Severe,Improved
833,OPD,1,12,No,8,3,Some,Improved
834,OPD,1,10,No,6,3,Some,Improved
835,IPD,1,9,Yes,15,1,Severe,Improved
836,IPD,2,9,Yes,12,6,Some,Improved
837,IPD,1,6,Yes,18,3,Some,Improved
838,IPD,1,3,Yes,10,2,Some,Improved
839,IPD,1,5,Yes,18,2,Some,Improved
840,IPD,2,9,No,12,2,Some,Improved
841,IPD,2,12,Yes,18,1,Severe,Improved
842,OPD,2,15,No,8,3,Some,Improved
843,IPD,2,10,Yes,12,1,Some,Improved
844,IPD,2,7,Yes,10,3,Some,Improved
845,IPD,1,9,No,10,3,Some,Improved
846,IPD,1,5,No,15,3,Some,Improved
847,IPD,2,7,Yes,12,4,Some,Improved
848,OPD,2,9,No,15,4,Some,Improved
849,OPD,1,12,Yes,20,3,Severe,Improved
850,IPD,2,24,No,7,3,Some,Improved
851,IPD,1,6,No,6,1,Some,Improved
852,IPD,1,12,Yes,6,3,Some,Improved
853,IPD,2,2,No,8,1,Some,Improved
854,IPD,1,18,No,20,2,Severe,Improved
855,IPD,1,1,No,9,3,Some,Improved
856,IPD,1,1,No,6,5,Some,Improved
857,OPD,2,8,No,25,3,Severe,Improved
858,IPD,2,12,Yes,23,7,Severe,Improved
859,OPD,1,13,Yes,8,2,Some,Improved
860,OPD,2,2,Yes,10,2,Some,Improved
861,IPD,1,6,No,20,2,Severe,Improved
862,IPD,2,6,Yes,6,7,Some,Improved
863,IPD,1,6,No,12,2,Some,Improved
864,IPD,2,24,No,6,4,Some,Improved
865,IPD,2,9,Yes,11,2,Some,Improved
866,IPD,2,4,Yes,20,1,Severe,Improved
867,OPD,1,21,Yes,12,4,Some,Improved
868,OPD,1,13,Yes,8,2,Some,Improved
869,IPD,2,11,Yes,7,2,Some,Improved
870,IPD,1,6,No,7,3,Some,Improved
871,IPD,2,15,Yes,8,4,Some,Improved
872,IPD,2,11,Yes,8,3,Some,Improved
873,IPD,2,7,Yes,7,3,Some,Improved
874,IPD,2,6,No,7,3,Some,Improved
875,OPD,1,12,Yes,6,2,Some,Improved
876,IPD,2,12,Yes,12,1,Severe,Improved
877,IPD,2,3,Yes,8,1,Some,Improved
878,OPD,2,9,No,12,4,Some,Improved
879,OPD,2,15,No,5,4,Some,Improved
880,IPD,2,9,Yes,30,2,Some,Improved
881,IPD,2,1,Yes,8,2,Some,Improved
882,IPD,2,5,Yes,8,2,Some,Improved
883,IPD,1,12,No,15,4,Severe,Improved
884,IPD,1,2,Yes,10,2,Some,Improved
885,IPD,2,8,No,5,4,Some,Improved
886,IPD,1,10,No,12,4,Severe,Improved
887,IPD,2,18,No,10,3,Some,Improved
888,IPD,1,7,Yes,15,3,Severe,Improved
889,OPD,2,6,No,8,3,Some,Improved
890,OPD,2,8,Yes,20,3,Some,Improved
891,IPD,1,8,No,25,2,Some,Improved
892,IPD,2,1,No,10,4,Some,Improved
893,IPD,2,6,Yes,6,2,Some,Improved
894,IPD,2,11,Yes,8,2,Some,Improved
895,IPD,2,2,Yes,7,5,Some,Improved
896,OPD,1,18,Yes,9,2,Some,Improved
897,IPD,2,11,Yes,4,7,Some,Improved
898,IPD,2,12,Yes,12,4,Severe,Improved
899,IPD,2,36,No,10,2,Some,Improved
900,IPD,1,5,Yes,15,2,Some,Improved
901,OPD,1,7,No,5,3,Some,Improved
902,IPD,2,2,Yes,8,3,Some,Improved
903,IPD,2,1,No,12,6,Some,Improved
904,IPD,2,12,No,12,2,Severe,Improved
905,IPD,2,6,No,12,2,Severe,Improved
906,IPD,2,12,Yes,12,1,Severe,Improved
907,IPD,1,12,No,8,3,Some,Improved
908,IPD,2,2,Yes,8,1,Some,Improved
909,IPD,2,10,Yes,15,2,Severe,Improved
910,IPD,2,16,No,10,2,Some,Improved
911,OPD,1,2,No,8,2,Some,Improved
912,OPD,2,5,No,16,4,Severe,Improved
913,IPD,2,2,No,15,3,Severe,Improved
914,IPD,1,6,No,10,2,Some,Improved
915,IPD,2,15,No,9,2,Some,Improved
916,IPD,2,10,Yes,12,3,Some,Improved
917,IPD,2,3,Yes,11,2,Some,Improved
918,IPD,2,10,No,25,2,Severe,Improved
919,IPD,2,24,No,10,1,Some,Improved
920,IPD,2,8,No,10,2,Some,Improved
921,IPD,1,1,No,30,2,Severe,Improved
922,IPD,2,24,No,15,2,Severe,Improved
923,IPD,2,36,Yes,11,2,Some,Improved
924,IPD,1,5,No,12,1,Some,Improved
925,IPD,2,4,Yes,25,1,Some,Improved
926,IPD,2,15,No,18,3,Some,Improved
927,IPD,2,10,No,6,3,Some,Improved
928,OPD,2,5,Yes,8,1,Some,Improved
929,OPD,2,2,Yes,16,2,Severe,Improved
930,IPD,2,5,No,12,3,Some,Improved
931,IPD,2,6,No,10,3,Some,Improved
932,IPD,2,7,No,18,3,Severe,Improved
933,IPD,2,10,No,12,2,Severe,Improved
934,IPD,1,2,No,15,2,Some,Improved
935,IPD,1,1,Yes,12,2,Some,Improved
936,IPD,1,12,No,15,2,Some,Improved
937,IPD,1,24,Yes,11,3,Severe,Improved
938,IPD,1,36,No,8,3,Severe,Improved
939,OPD,1,10,No,15,2,Severe,Improved
940,OPD,2,2,No,8,2,Some,Improved
941,OPD,2,3,Yes,11,3,Some,Improved
942,IPD,2,3,No,10,2,Some,Improved
943,IPD,1,12,No,11,2,Some,Improved
944,IPD,2,18,No,6,4,Some,Improved
945,IPD,2,7,No,10,2,Some,Improved
946,IPD,2,6,Yes,18,1,Some,Improved
947,IPD,2,6,,15,1,Some,Improved
948,IPD,2,2,Yes,8,1,Some,Improved
949,IPD,2,3,No,14,3,Some,Improved
950,IPD,1,8,No,6,7,Some,Improved
951,IPD,1,27,No,6,3,Some,Improved
952,IPD,2,15,No,10,3,Some,Improved
953,IPD,1,22,No,12,2,Some,Improved
954,IPD,1,18,No,10,1,Some,Improved
955,IPD,2,5,Yes,15,4,Some,Improved
956,IPD,1,9,No,25,5,Some,Improved
957,IPD,2,10,Yes,30,5,Severe,Improved
958,IPD,2,9,Yes,9,2,Some,Improved
959,IPD,2,11,No,12,3,Severe,Improved
960,IPD,1,4,No,11,2,Some,Improved
961,IPD,1,12,Yes,8,2,Some,Improved
962,IPD,2,18,No,15,3,Severe,Improved
963,IPD,2,9,No,10,2,Some,Improved
964,IPD,1,5,No,9,2,Some,Improved
965,IPD,2,12,No,8,3,Some,Improved
966,IPD,1,4,No,12,1,Severe,Improved
967,IPD,2,9,No,8,2,Some,Improved
968,IPD,2,6,No,19,5,Severe,Improved
969,IPD,2,12,Yes,6,5,Some,Improved
970,IPD,2,5,Yes,4,2,Some,Improved
971,IPD,1,24,No,10,1,Some,Improved
972,IPD,2,1,No,10,3,Some,Improved
973,IPD,2,6,No,5,4,Some,Improved
974,IPD,2,22,Yes,15,3,Some,Improved
975,IPD,2,12,No,20,5,Severe,Improved
976,OPD,2,7,Yes,15,6,Severe,Improved
977,IPD,2,11,No,20,6,Severe,Improved
978,IPD,2,12,Yes,10,3,Some,Improved
979,IPD,2,5,No,8,3,Some,Improved
980,IPD,1,2,No,16,2,Severe,Improved
981,IPD,2,6,Yes,10,2,Some,Improved
982,OPD,2,8,Yes,15,2,Severe,Improved
983,IPD,2,9,Yes,8,3,Some,Improved
984,IPD,2,3,Yes,16,4,Severe,Improved
985,IPD,1,3,Yes,16,2,Severe,Improved
986,IPD,2,15,Yes,9,4,Some,Improved
987,OPD,2,10,No,8,3,Some,Improved
988,OPD,1,3,Yes,12,3,Some,Improved
989,IPD,1,6,No,6,3,Some,Improved
990,IPD,2,9,No,15,2,Some,Improved
991,IPD,2,10,Yes,20,1,Severe,Improved
992,IPD,2,6,Yes,8,2,Some,Improved
993,IPD,1,2,Yes,10,2,Some,Improved
994,IPD,2,5,No,8,2,Some,Improved
995,IPD,2,4,Yes,8,3,Some,Improved
996,IPD,1,5,Yes,12,2,Severe,Improved
997,IPD,1,1,No,12,3,Some,Improved
998,IPD,1,2,No,14,3,Severe,Improved
999,IPD,1,5,No,15,1,Severe,Improved
1000,OPD,1,10,No,16,4,Severe,Improved
1001,OPD,2,3,No,12,4,Severe,Improved
1002,IPD,2,24,No,8,2,Some,Improved
1003,IPD,2,10,No,12,3,Severe,Improved
1004,IPD,2,3,No,8,1,Some,Improved
1005,IPD,1,5,No,9,3,Some,Improved
1006,IPD,1,4,Yes,12,4,Some,Improved
1007,IPD,1,3,Yes,10,2,Some,Improved
1008,IPD,2,3,Yes,15,3,Severe,Improved
1009,IPD,2,9,No,12,3,Severe,Improved
1010,IPD,1,2,Yes,16,4,Severe,Improved
1011,IPD,1,9,No,8,2,Some,Improved
1012,IPD,2,15,No,16,3,Some,Improved
1013,IPD,2,6,No,8,2,Some,Improved
1014,IPD,2,11,Yes,7,2,Some,Improved
1015,IPD,1,36,No,22,5,Severe,Improved
1016,OPD,2,23,No,26,2,Severe,Improved
1017,OPD,2,7,No,10,4,Some,Improved
1018,IPD,1,21,No,5,3,Some,Improved
1019,IPD,2,6,Yes,8,5,Some,Improved
1020,IPD,1,3,Yes,10,3,Severe,Improved
1021,IPD,1,9,Yes,15,4,Some,Improved
1022,IPD,2,12,No,8,3,Some,Improved
1023,IPD,2,6,Yes,12,2,Some,Improved
1024,IPD,2,24,No,6,3,Some,Improved
1025,IPD,2,5,No,9,4,Some,Improved
1026,IPD,2,4,No,7,1,Some,Improved
1027,IPD,2,9,Yes,16,3,Severe,Improved
1028,IPD,2,11,Yes,12,6,Some,Improved
1029,IPD,2,7,No,25,4,Severe,Improved
1030,IPD,2,11,No,12,1,Some,Improved
1031,OPD,2,31,Yes,23,12,Severe,Improved
1032,OPD,1,9,Yes,35,3,Some,Improved
1033,IPD,2,8,No,15,3,Some,Improved
1034,IPD,2,5,Yes,14,3,Severe,Improved
1035,IPD,1,3,Yes,6,2,Some,Improved
1036,IPD,2,10,Yes,12,1,Some,Improved
1037,IPD,1,17,Yes,13,1,Some,Improved
1038,IPD,2,23,No,10,3,Some,Improved
1039,IPD,2,9,No,8,1,Some,Improved
1040,IPD,2,12,Yes,8,3,Some,Improved
1041,IPD,2,11,Yes,13,4,Severe,Improved
1042,IPD,1,9,No,9,1,Some,Improved
1043,OPD,2,49,No,15,5,Severe,Improved
1044,OPD,2,8,Yes,8,2,Some,Improved
1045,IPD,2,9,Yes,19,2,Severe,Improved
1046,IPD,1,36,Yes,8,2,Some,Improved
1047,IPD,2,5,No,8,2,Some,Improved
1048,IPD,2,8,No,10,3,Some,Improved
1049,IPD,2,10,Yes,12,1,Severe,Improved
1050,IPD,2,11,No,20,5,Some,Improved
1051,IPD,2,11,Yes,12,4,Some,Improved
1052,IPD,2,12,Yes,12,8,Some,Improved
1053,IPD,2,42,Yes,10,2,Some,Improved
1054,IPD,2,9,No,5,1,Some,Improved
1055,IPD,2,16,No,10,2,Some,Improved
1056,IPD,1,19,No,8,1,Some,Improved
1057,IPD,2,8,No,12,3,Severe,Improved
1058,OPD,2,17,No,9,2,Some,Improved
1059,OPD,1,24,Yes,12,2,Severe,Improved
1060,OPD,1,6,Yes,8,3,Some,Improved
1061,IPD,2,3,Yes,10,3,Severe,Improved
1062,IPD,2,48,Yes,8,1,Some,Improved
1063,IPD,2,14,No,6,1,Some,Improved
1064,IPD,1,5,No,9,4,Some,Improved
1065,IPD,1,3,No,8,1,Some,Improved
1066,IPD,2,5,No,12,2,Severe,Improved
1067,OPD,2,9,No,13,2,Severe,Improved
1068,IPD,1,6,No,10,4,Some,Improved
1069,IPD,2,10,Yes,8,2,Some,Improved
1070,IPD,2,12,No,8,5,Severe,Improved
1071,IPD,2,3,Yes,6,2,Some,Improved
1072,IPD,2,4,Yes,12,1,Severe,Improved
1073,OPD,1,3,No,12,2,Severe,Improved
1074,OPD,1,24,Yes,6,3,Severe,Improved
1075,OPD,2,13,Yes,9,5,Some,Improved
1076,IPD,1,29,Yes,9,4,Some,Improved
1077,IPD,1,5,No,12,4,Severe,Improved
1078,IPD,2,3,No,15,3,Some,Improved
1079,IPD,1,9,Yes,8,4,Severe,Improved
1080,IPD,1,10,Yes,8,5,Severe,Improved
1081,IPD,1,12,No,8,3,Some,Improved
1082,IPD,2,12,No,14,3,Some,Improved
1083,IPD,2,30,Yes,8,1,Some,Improved
1084,IPD,2,4,Yes,6,2,Some,Improved
1085,IPD,1,14,Yes,8,3,Some,Improved
1086,IPD,2,15,No,15,1,Severe,Improved
1087,IPD,2,3,Yes,8,3,Some,Improved
1088,IPD,2,9,No,16,3,Severe,Improved
1089,IPD,1,14,No,9,4,Some,Improved
1090,IPD,1,10,No,10,3,Some,Improved
1091,IPD,2,3,No,9,3,Some,Improved
1092,IPD,1,30,No,3,7,Some,Improved
1093,IPD,1,8,Yes,12,2,Severe,Improved
1094,IPD,2,16,No,15,3,Severe,Improved
1095,IPD,2,5,No,10,2,Some,Improved
1096,IPD,1,12,Yes,10,3,Some,Improved
1097,IPD,2,10,Yes,11,4,Some,Improved
1098,IPD,2,9,Yes,15,4,Severe,Improved
1099,OPD,2,10,Yes,10,2,Some,Improved
1100,IPD,2,1,No,9,2,Some,Improved
1101,IPD,2,6,No,13,10,Severe,Improved
1102,IPD,2,18,Yes,10,10,Some,Improved
1103,OPD,1,24,No,15,2,Severe,Improved
1104,OPD,2,7,No,14,5,Severe,Improved
1105,OPD,1,2,Yes,10,2,Severe,Improved
1106,IPD,2,8,Yes,10,3,Some,Improved
1107,IPD,1,30,No,15,4,Severe,Improved
1108,IPD,2,9,Yes,10,3,Some,Improved
1109,IPD,1,1,No,12,2,Severe,Improved
1110,IPD,2,6,No,16,3,Severe,Improved
1111,IPD,2,10,No,10,3,Some,Improved
1112,IPD,1,10,Yes,15,3,Severe,Improved
1113,IPD,2,17,No,12,3,Some,Improved
1114,IPD,2,5,No,15,4,Severe,Improved
1115,IPD,2,36,No,10,5,Some,Improved
1116,IPD,2,1,No,14,2,Severe,Improved
1117,IPD,2,48,No,9,2,Some,Improved
1118,IPD,2,30,No,10,2,Some,Improved
1119,IPD,1,29,No,12,3,Severe,Improved
1120,IPD,2,4,Yes,15,3,Severe,Improved
1121,IPD,1,24,No,10,2,Some,Improved
1122,IPD,1,15,Yes,14,5,Severe,Improved
1123,IPD,2,2,Yes,15,7,Severe,Improved
1124,IPD,2,3,No,10,3,Some,Improved
1125,IPD,2,24,Yes,15,3,Severe,Improved
1126,IPD,2,9,Yes,15,1,Severe,Improved
1127,IPD,2,29,Yes,10,1,Some,Improved
1128,IPD,2,3,Yes,15,3,Severe,Improved
1129,IPD,2,24,Yes,10,2,Some,Improved
1130,OPD,2,10,Yes,10,2,Some,Improved
1131,OPD,1,6,Yes,15,4,Severe,Improved
1132,IPD,2,9,No,10,3,Some,Improved
1133,IPD,1,9,Yes,14,4,Severe,Improved
1134,IPD,2,7,Yes,16,3,Severe,Improved
1135,IPD,1,24,Yes,10,2,Some,Improved
1136,IPD,2,12,Yes,12,3,Some,Improved
1137,IPD,2,56,No,13,7,Severe,Improved
1138,IPD,1,5,Yes,15,2,Severe,Improved
1139,IPD,2,6,Yes,10,3,Some,Improved
1140,IPD,2,9,Yes,15,2,Severe,Improved
1141,IPD,1,10,No,12,1,Some,Improved
1142,IPD,2,3,Yes,8,1,Some,Improved
1143,IPD,2,12,No,6,1,Some,Improved
1144,IPD,2,12,No,8,1,Some,Improved
1145,IPD,2,10,Yes,4,3,Some,Improved
1146,IPD,2,10,Yes,4,3,Some,Improved
1147,IPD,2,2,No,15,1,Severe,Improved
1148,IPD,2,59,Yes,4,2,Some,Improved
1149,IPD,2,24,No,4,7,Some,Improved
1150,OPD,2,8,No,10,3,Severe,Improved
1151,OPD,2,16,Yes,7,2,Some,Improved
1152,OPD,2,11,Yes,5,4,Some,Improved
1153,IPD,2,7,No,8,3,Some,Improved
1154,IPD,2,37,Yes,20,1,Severe,Improved
1155,IPD,1,59,Yes,4,3,Some,Improved
1156,IPD,2,12,No,8,2,Some,Improved
1157,IPD,2,18,No,8,4,Some,Improved
1158,IPD,2,48,Yes,15,5,Severe,Improved
1159,IPD,1,10,Yes,3,3,Some,Improved
1160,IPD,2,36,Yes,10,1,Severe,Improved
1161,IPD,1,8,Yes,10,2,Severe,Improved
1162,IPD,1,36,Yes,4,3,Some,Improved
1163,IPD,2,7,Yes,10,3,Some,Improved
1164,OPD,1,36,Yes,4,1,Some,Improved
1165,OPD,2,10,Yes,10,2,Severe,Improved
1166,IPD,2,23,No,5,6,Some,Improved
1167,IPD,1,29,No,11,1,Severe,Improved
1168,OPD,1,16,No,5,1,Some,Improved
1169,OPD,2,5,Yes,6,7,Some,Improved
1170,IPD,2,9,Yes,12,10,Severe,Improved
1171,IPD,1,36,No,7,1,Some,Improved
1172,IPD,2,48,Yes,8,1,Severe,Improved
1173,IPD,2,8,No,12,4,Severe,Improved
1174,IPD,2,19,Yes,8,1,Some,Improved
1175,IPD,2,11,Yes,4,1,Some,Improved
1176,OPD,1,10,No,8,3,Severe,Improved
1177,IPD,1,36,No,5,3,Some,Improved
1178,IPD,2,15,Yes,4,5,Some,Improved
1179,IPD,1,30,Yes,10,1,Severe,Improved
1180,IPD,2,18,No,12,1,Severe,Improved
1181,OPD,1,13,No,3,3,Some,Improved
1182,IPD,1,24,Yes,3,4,Some,Improved
1183,IPD,2,42,Yes,4,4,Some,Improved
1184,IPD,1,36,Yes,3,1,Some,Improved
1185,IPD,2,42,Yes,4,6,Some,Improved
1186,IPD,2,8,Yes,10,3,Severe,Improved
1187,IPD,1,2,No,10,2,Some,Improved
1188,OPD,1,3,No,9,3,Some,Improved
1189,IPD,1,52,No,6,9,Some,Improved
1190,IPD,2,5,Yes,6,2,Some,Improved
1191,IPD,2,9,Yes,9,2,Severe,Improved
1192,IPD,1,2,Yes,10,1,Severe,Improved
1193,IPD,2,12,No,15,2,Severe,Improved
1194,IPD,2,4,No,12,2,Severe,Improved
1195,IPD,1,13,No,6,1,Some,Improved
1196,IPD,2,9,Yes,7,1,Some,Improved
1197,IPD,1,6,No,5,6,Some,Improved
1198,IPD,2,11,Yes,10,1,Severe,Improved
1199,IPD,1,10,Yes,15,1,Severe,Improved
1200,IPD,2,11,Yes,20,3,Severe,Improved
1201,IPD,2,17,Yes,15,1,Severe,Improved
1202,IPD,1,24,No,12,7,Some,Improved
1203,IPD,2,5,Yes,6,2,Some,Improved
1204,IPD,2,10,No,5,2,Some,Improved
1205,IPD,1,12,No,8,3,Some,Improved
1206,IPD,2,3,No,7,2,Some,Improved
1207,IPD,1,15,No,12,1,Some,Improved
1208,OPD,2,30,Yes,8,1,Some,Improved
1209,IPD,2,12,Yes,8,3,Some,Improved
1210,IPD,2,5,Yes,6,1,Some,Improved
1211,IPD,1,2,Yes,6,1,Some,Improved
1212,IPD,1,7,Yes,10,2,Some,Improved
1213,IPD,2,10,No,9,3,Some,Improved
1214,IPD,1,9,No,12,2,Severe,Improved
1215,IPD,2,2,Yes,10,4,Some,Improved
1216,OPD,1,8,No,8,3,Some,Improved
1217,IPD,1,13,No,15,4,Severe,Improved
1218,IPD,2,15,No,8,2,Some,Improved
1219,IPD,2,9,Yes,12,3,Severe,Improved
1220,IPD,2,30,Yes,8,2,Some,Improved
1221,IPD,2,24,No,10,3,Some,Improved
1222,IPD,2,11,No,15,2,Severe,Improved
1223,IPD,1,10,Yes,12,1,Severe,Improved
1224,IPD,2,13,Yes,8,2,Some,Improved
1225,IPD,2,13,No,13,1,Severe,Improved
1226,IPD,2,7,Yes,8,1,Severe,Improved
1227,IPD,2,9,No,12,1,Some,Improved
1228,IPD,2,24,Yes,8,2,Severe,Improved
1229,IPD,2,7,Yes,13,1,Severe,Improved
1230,IPD,1,3,Yes,8,1,Some,Improved
1231,IPD,2,59,Yes,7,1,Some,Improved
1232,OPD,1,4,Yes,7,2,Some,Improved
1233,OPD,2,6,Yes,9,1,Some,Improved
1234,IPD,2,15,Yes,12,4,Severe,Improved
1235,IPD,2,2,Yes,6,2,Some,Improved
1236,IPD,2,8,Yes,5,2,Some,Improved
1237,IPD,2,2,Yes,4,3,Some,Improved
1238,IPD,2,36,Yes,6,2,Some,Improved
1239,IPD,2,1,No,10,2,Some,Improved
1240,IPD,2,12,Yes,10,3,Some,Improved
1241,IPD,2,14,Yes,15,2,Severe,Improved
1242,IPD,2,12,No,8,2,Some,Improved
1243,IPD,2,24,Yes,4,1,Some,Improved
1244,OPD,1,2,No,10,3,Some,Improved
1245,OPD,2,12,Yes,14,2,Severe,Improved
1246,IPD,1,36,No,15,3,Severe,Improved
1247,IPD,1,5,No,15,3,Severe,Improved
1248,IPD,2,24,No,13,2,Severe,Improved
1249,IPD,1,5,Yes,11,2,Severe,Improved
1250,IPD,1,9,Yes,8,1,Some,Improved
1251,IPD,2,10,No,10,3,Some,Improved
1252,IPD,2,15,Yes,12,2,Severe,Improved
1253,IPD,2,9,Yes,15,3,Severe,Improved
1254,IPD,1,8,No,8,3,Some,Improved
1255,IPD,2,2,Yes,10,3,Some,Improved
1256,IPD,2,10,Yes,15,2,Severe,Improved
1257,IPD,2,12,No,10,1,Some,Improved
1258,IPD,2,9,Yes,12,2,Severe,Improved
1259,IPD,2,10,Yes,12,2,Severe,Improved
1260,IPD,1,3,No,8,2,Some,Improved
1261,IPD,1,7,Yes,8,1,Some,Improved
1262,IPD,1,2,No,10,2,Some,Improved
1263,IPD,2,11,Yes,15,2,Severe,Improved
1264,IPD,2,5,Yes,10,3,Some,Improved
1265,IPD,2,9,Yes,10,2,Some,Improved
1266,IPD,1,3,No,12,1,Severe,Improved
1267,IPD,2,8,No,10,2,Some,Improved
1268,IPD,1,13,Yes,11,3,Some,Improved
1269,OPD,1,5,Yes,10,2,Some,Improved
1270,IPD,1,10,Yes,10,52,Some,Improved
1271,IPD,1,10,No,15,2,Severe,Improved
1272,IPD,2,36,No,10,2,Some,Improved
1273,IPD,2,7,Yes,10,2,Some,Improved
1274,IPD,2,5,No,12,1,Severe,Improved
1275,IPD,2,4,No,8,2,Some,Improved
1276,IPD,2,8,No,12,3,Severe,Improved
1277,IPD,2,5,Yes,10,2,Some,Improved
1278,IPD,2,15,No,10,2,Some,Improved
1279,IPD,2,11,Yes,15,2,Severe,Improved
1280,IPD,2,14,Yes,6,3,Some,Improved
1281,IPD,1,36,No,12,2,Some,Improved
1282,IPD,2,13,No,8,2,Some,Improved
1283,IPD,2,3,No,7,3,Some,Improved
1284,OPD,2,7,Yes,6,4,Some,Improved
1285,OPD,1,6,No,6,5,Some,Improved
1286,IPD,2,12,No,6,3,Some,Improved
1287,IPD,2,9,Yes,4,3,Some,Improved
1288,IPD,2,5,Yes,8,4,Some,Improved
1289,OPD,2,3,No,6,3,Some,Improved
1290,OPD,2,12,Yes,6,5,Some,Improved
1291,IPD,2,3,Yes,10,9,Some,Improved
1292,IPD,1,2,No,3,7,Some,Improved
1293,IPD,2,11,Yes,5,3,Some,Improved
1294,IPD,2,6,No,3,3,Some,Improved
1295,IPD,2,2,No,10,2,Severe,Improved
1296,IPD,2,6,No,5,3,some,Improved
