Year,Total,Annual Growth Rate (%),By Air,Air Percent,By Land,Land Percent,Average Length of Stay
1965,9388,-1.4,8303,88.4,1085,11.6,NA
1966,12567,33.9,11206,89.2,1361,10.8,NA
1967,18093,44,15064,83.3,3029,16.7,NA
1968,24209,33.8,19717,81.4,4492,18.6,NA
1969,34901,44.2,28130,80.6,6771,19.4,NA
1970,45970,31.7,36508,79.4,9462,20.6,NA
1971,49914,8.6,40369,80.9,9545,19.1,NA
1972,52930,6,42484,80.3,10446,19.7,NA
1973,68047,28.6,55791,82,12256,18,NA
1974,89838,32,74170,82.6,15668,17.4,13.2
1975,92440,2.9,78995,85.5,13445,14.5,13.05
1976,105108,13.7,90498,86.1,14610,13.9,12.41
1977,129329,23,110180,85.2,19149,14.8,11.6
1978,156123,20.7,130034,83.3,26089,16.7,11.84
1979,162276,3.9,137865,85,24411,15,12.02
1980,162897,0.4,139387,85.6,23510,14.4,11.18
1981,161669,-0.8,142084,87.9,19585,12.1,10.49
1982,175448,8.5,153509,87.5,21939,12.5,13.33
1983,179405,2.3,152470,85,26935,15,11.53
1984,176634,-1.5,149920,84.9,26714,15.1,11.55
1985,180989,2.5,151870,83.9,29119,16.1,11.3
1986,223331,23.4,182745,81.8,40586,18.2,11.16
1987,248080,11.1,205611,82.9,42469,17.1,11.98
1988,265943,7.2,234945,88.3,30998,11.7,12
1989,239945,53.7,207907,86.6,32038,13.4,12
1990,254885,6.2,226421,88.8,28464,11.2,12
1991,292995,15,267932,91.4,25063,8.6,9.25
1992,334353,14.1,300496,89.9,33857,10.1,10.14
1993,293567,-12.2,254140,86.6,39427,13.4,11.94
1994,326531,11.2,289381,88.6,37150,11.4,10
1995,363395,11.3,325035,89.4,38360,10.6,11.27
1996,393613,8.3,343246,87.2,50367,12.8,13.5
1997,421857,7.2,371145,88,50712,12,10.49
1998,463684,9.9,398008,85.8,65676,14.2,10.76
1999,491504,6,421243,85.7,70261,14.3,12.28
2000,463646,-5.7,376914,81.3,86732,18.7,11.88
2001,361237,-22.1,299514,82.9,61723,17.1,11.93
2002,275468,-23.7,218660,79.4,56808,20.6,7.92
2003,338132,22.7,275438,81.5,62694,18.5,9.6
2004,385297,13.9,297335,77.2,87962,22.8,13.51
2005,375398,-2.6,277346,73.9,98052,26.1,9.09
2006,383926,2.3,283819,73.9,100107,26.1,10.2
2007,526705,37.2,360713,68.5,165992,31.5,11.96
2008,500277,-5,374661,74.9,125616,25.1,11.78
2009,509956,1.9,379322,74.4,130634,25.6,11.32
2010,602867,18.2,448800,74.4,154067,25.6,12.67
2011,736215,22.1,545221,74.1,190994,25.9,13.12
2012,803092,9.1,598258,74.5,204834,25.5,12.16
2013,797616,-0.7,594848,74.6,202768,25.4,12.6
2014,790118,-0.9,585981,74.2,204137,25.8,12.44
2015,538970,-32,407412,75.6,131558,24.4,13.16
2016,753002,40,572563,76,180439,24,13.4
2017,940218,25,760577,81,179641,19,12.6
2018,1173072,25,969287,82.63,203785,17.37,12.4
2019,1197191,2.05,995884,83.19,201307,16.81,12.7
2020,230085,-80.7,183130,79.6,46955,20.4,15.1
2021,150962,-34.3,150625,99.7,337,0.3,15.5
2022,614869,307.3,592631,96.4,22238,3.6,13.1
2023,1014882,65.05,914270,90.09,100612,9.91,13.2
2024,1147548,13.07,1023937,89.23,123611,10.77,13.3
2025,"1,158,459",0.95,"1,057,735",90.99,"100,724",9.01,16.34
